,0
0,AAIT
1,AAL
2,AAME
3,AAOI
4,AAON
5,AAPL
6,AAWW
7,AAXJ
8,ABCB
9,ABIO
10,ABMD
11,ACAD
12,ACET
13,ACGL
14,ACHC
15,ACIW
16,ACLS
17,ACNB
18,ACOR
19,ACRX
20,ACST
21,ACTG
22,ACWI
23,ACWX
24,ADBE
25,ADES
26,ADI
27,ADMA
28,ADMP
29,ADMS
30,ADP
31,ADRE
32,ADSK
33,ADTN
34,ADUS
35,ADXS
36,AEHR
37,AEIS
38,AERI
39,AEY
40,AEZS
41,AFMD
42,AGEN
43,AGIO
44,AGNC
45,AGNCP
46,AGRX
47,AGTC
48,AGYS
49,AGZD
50,AHPI
51,AIMC
52,AINV
53,AIQ
54,AIRR
55,AIRT
56,AKAM
57,AKBA
58,ALCO
59,ALDX
60,ALGN
61,ALGT
62,ALIM
63,ALKS
64,ALLT
65,ALNY
66,ALOT
67,ALSK
68,ALTR
69,ALXN
70,AMAT
71,AMBA
72,AMBC
73,AMCX
74,AMD
75,AMED
76,AMGN
77,AMKR
78,AMNB
79,AMOT
80,AMOV
81,AMPH
82,AMRB
83,AMRK
84,AMRN
85,AMRS
86,AMSC
87,AMSF
88,AMSWA
89,AMTX
90,AMWD
91,AMZN
92,ANAT
93,ANDE
94,ANGI
95,ANGO
96,ANIK
97,ANIP
98,ANSS
99,ANY
100,AOSL
101,APDN
102,APEI
103,APOG
104,APTO
105,APWC
106,ARAY
107,ARCB
108,ARCC
109,ARDX
110,ARKR
111,ARLP
112,ARNA
113,AROW
114,ARRY
115,ARTNA
116,ARTW
117,ARWR
118,ASMB
119,ASML
120,ASPS
121,ASRV
122,ASTC
123,ASTE
124,ASTI
125,ASUR
126,ASYS
127,ATAX
128,ATEC
129,ATHX
130,ATLC
131,ATLO
132,ATNI
133,ATOS
134,ATRA
135,ATRC
136,ATRI
137,ATRO
138,ATRS
139,ATSG
140,ATVI
141,AUBN
142,AUDC
143,AUPH
144,AVAV
145,AVEO
146,AVGO
147,AVID
148,AVNW
149,AWAY
150,AWRE
151,AXAS
152,AXDX
153,AXGN
154,AXTI
155,AZPN
156,BANF
157,BANR
158,BANX
159,BBBY
160,BBC
161,BBGI
162,BBP
163,BBSI
164,BCBP
165,BCLI
166,BCOR
167,BCOV
168,BCPC
169,BCRX
170,BDSI
171,BECN
172,BELFA
173,BELFB
174,BFIN
175,BGCP
176,BGFV
177,BIB
178,BICK
179,BIDU
180,BIIB
181,BIOC
182,BIOL
183,BIS
184,BJRI
185,BKCC
186,BKEP
187,BKEPP
188,BKSC
189,BLCM
190,BLDP
191,BLDR
192,BLFS
193,BLIN
194,BLKB
195,BLMN
196,BLRX
197,BLUE
198,BMRC
199,BMRN
200,BMTC
201,BNDX
202,BNFT
203,BNSO
204,BOCH
205,BOKF
206,BOOM
207,BOSC
208,BOTJ
209,BPFH
210,BPOP
211,BPOPM
212,BPOPN
213,BPTH
214,BRID
215,BRKL
216,BRKR
217,BRKS
218,BRLI
219,BSET
220,BSQR
221,BSRR
222,BUR
223,BUSE
224,BV
225,BWEN
226,BWFG
227,BYFC
228,CAAS
229,CAC
230,CACC
231,CACG
232,CAKE
233,CALA
234,CALM
235,CAMP
236,CAMT
237,CAR
238,CARA
239,CARV
240,CARZ
241,CASH
242,CASI
243,CASS
244,CASY
245,CATM
246,CATY
247,CBAN
248,CBAY
249,CBFV
250,CBLI
251,CBNK
252,CBOE
253,CBRL
254,CBSH
255,CCBG
256,CCLP
257,CCMP
258,CCNE
259,CCOI
260,CCRN
261,CCUR
262,CCXI
263,CDC
264,CDK
265,CDNA
266,CDNS
267,CDW
268,CDXS
269,CDZI
270,CECE
271,CEMI
272,CENT
273,CENTA
274,CENX
275,CERE
276,CERN
277,CERS
278,CEVA
279,CFA
280,CFBK
281,CFFI
282,CFFN
283,CFNB
284,CFO
285,CFRX
286,CG
287,CGEN
288,CGNX
289,CGO
290,CHCI
291,CHCO
292,CHDN
293,CHEF
294,CHI
295,CHKP
296,CHMG
297,CHNR
298,CHRS
299,CHRW
300,CHSCM
301,CHSCN
302,CHSCO
303,CHSCP
304,CHTR
305,CHUY
306,CHW
307,CHY
308,CIDM
309,CINF
310,CIZ
311,CIZN
312,CJJD
313,CLDX
314,CLFD
315,CLIR
316,CLMT
317,CLNE
318,CLRB
319,CLRO
320,CLSN
321,CLVS
322,CLWT
323,CMCO
324,CMCSA
325,CMCT
326,CME
327,CMLS
328,CMPR
329,CMRX
330,CMTL
331,CNBKA
332,CNCE
333,CNET
334,CNMD
335,CNOB
336,CNSL
337,CNTY
338,COHR
339,COHU
340,COKE
341,COLB
342,COLM
343,COMM
344,COMT
345,CONE
346,CONN
347,CORE
348,CORT
349,COST
350,COWN
351,COWNL
352,CPHC
353,CPIX
354,CPLP
355,CPRT
356,CPRX
357,CPSI
358,CPSS
359,CPTA
360,CRAI
361,CREE
362,CREG
363,CRESY
364,CRIS
365,CRMT
366,CRNT
367,CROX
368,CRTO
369,CRUS
370,CRVL
371,CRWN
372,CRWS
373,CSCO
374,CSF
375,CSGP
376,CSGS
377,CSII
378,CSIQ
379,CSOD
380,CSPI
381,CSQ
382,CSTE
383,CSWC
384,CTAS
385,CTBI
386,CTG
387,CTHR
388,CTIB
389,CTIC
390,CTRE
391,CTRN
392,CTSH
393,CTSO
394,CTXS
395,CUBA
396,CUTR
397,CVBF
398,CVCO
399,CVCY
400,CVGI
401,CVGW
402,CVLT
403,CVLY
404,CVV
405,CWBC
406,CWCO
407,CWST
408,CXDC
409,CYAN
410,CYBE
411,CYBR
412,CYCC
413,CYRN
414,CYTK
415,CYTR
416,CZNC
417,CZR
418,CZWI
419,DAIO
420,DAKT
421,DAX
422,DBVT
423,DCOM
424,DCTH
425,DENN
426,DGICA
427,DGII
428,DGLY
429,DGRE
430,DGRS
431,DGRW
432,DHIL
433,DIOD
434,DISCA
435,DISCB
436,DISCK
437,DISH
438,DJCO
439,DLHC
440,DLTR
441,DMLP
442,DMRC
443,DORM
444,DOX
445,DRIV
446,DRNA
447,DRRX
448,DSGX
449,DSPG
450,DSWL
451,DVAX
452,DWSN
453,DXCM
454,DXGE
455,DXJS
456,DXLG
457,DXPE
458,DXYN
459,DYNT
460,EA
461,EARS
462,EBAY
463,EBIX
464,EBMT
465,EBSB
466,EBTC
467,ECHO
468,ECOL
469,ECPG
470,EDAP
471,EDUC
472,EEFT
473,EEMA
474,EFOI
475,EFSC
476,EGAN
477,EGBN
478,EGHT
479,EGLE
480,EGRX
481,EHTH
482,ELSE
483,ELTK
484,EMCB
485,EMCF
486,EMIF
487,EMKR
488,EML
489,ENDP
490,ENG
491,ENPH
492,ENSG
493,ENTA
494,ENTG
495,ENTR
496,ENZN
497,EPAY
498,EPZM
499,EQIX
500,ERIC
501,ERIE
502,ERII
503,ESBK
504,ESCA
505,ESCR
506,ESEA
507,ESGR
508,ESLT
509,ESPR
510,ESSA
511,ESXB
512,EUFN
513,EVK
514,EVOK
515,EVOL
516,EWBC
517,EXAS
518,EXEL
519,EXFO
520,EXLS
521,EXPD
522,EXPE
523,EXPO
524,EXTR
525,EYES
526,EZPW
527,FANG
528,FARM
529,FARO
530,FAST
531,FATE
532,FB
533,FBIZ
534,FBMS
535,FBNC
536,FCAP
537,FCBC
538,FCCO
539,FCCY
540,FCEL
541,FCFS
542,FCNCA
543,FDIV
544,FDUS
545,FEIM
546,FELE
547,FEMB
548,FEUZ
549,FEYE
550,FFBC
551,FFHL
552,FFIC
553,FFIN
554,FFIV
555,FFNW
556,FFWM
557,FGEN
558,FIBK
559,FISI
560,FISV
561,FITB
562,FITBI
563,FIVE
564,FIVN
565,FIZZ
566,FLDM
567,FLEX
568,FLIC
569,FLL
570,FLWS
571,FLXN
572,FLXS
573,FMB
574,FMBH
575,FMBI
576,FMNB
577,FNHC
578,FNLC
579,FOLD
580,FONR
581,FORD
582,FORM
583,FORR
584,FORTY
585,FOSL
586,FOX
587,FOXA
588,FOXF
589,FPXI
590,FRBA
591,FRBK
592,FREE
593,FRGI
594,FRME
595,FRPH
596,FRPT
597,FSBW
598,FSFG
599,FSLR
600,FSRV
601,FSTR
602,FTCS
603,FTEK
604,FTGC
605,FTHI
606,FTLB
607,FTNT
608,FTSL
609,FTSM
610,FULT
611,FUNC
612,FUND
613,FV
614,FWP
615,FWRD
616,GABC
617,GAIA
618,GAIN
619,GALT
620,GASS
621,GBCI
622,GBDC
623,GBLI
624,GCBC
625,GENC
626,GENE
627,GEOS
628,GERN
629,GEVO
630,GFED
631,GFNCP
632,GGAL
633,GIFI
634,GIGM
635,GIII
636,GILD
637,GILT
638,GLAD
639,GLBS
640,GLDD
641,GLDI
642,GLMD
643,GLNG
644,GLPI
645,GLRE
646,GLYC
647,GNCA
648,GNMA
649,GNTX
650,GOGO
651,GOLD
652,GOOD
653,GOODN
654,GOOG
655,GOOGL
656,GPRE
657,GPRO
658,GRBK
659,GRFS
660,GRID
661,GRMN
662,GROW
663,GRPN
664,GRVY
665,GSBC
666,GSIT
667,GSM
668,GT
669,GTIM
670,GTLS
671,GURE
672,GWGH
673,GYRO
674,HA
675,HAFC
676,HAIN
677,HALL
678,HALO
679,HART
680,HAS
681,HAYN
682,HBAN
683,HBANP
684,HBCP
685,HBIO
686,HBMD
687,HBNC
688,HBP
689,HCAP
690,HCCI
691,HCKT
692,HCSG
693,HDSN
694,HEAR
695,HEES
696,HELE
697,HERO
698,HFWA
699,HGSH
700,HIBB
701,HIFS
702,HIHO
703,HIMX
704,HLIT
705,HMHC
706,HMNF
707,HMNY
708,HMST
709,HMTV
710,HNNA
711,HNRG
712,HOFT
713,HOLI
714,HOLX
715,HOMB
716,HOVNP
717,HQY
718,HRTX
719,HRZN
720,HSIC
721,HSII
722,HSKA
723,HSON
724,HSTM
725,HTBI
726,HTBK
727,HTBX
728,HTHT
729,HTLD
730,HTLF
731,HUBG
732,HURC
733,HURN
734,HWBK
735,HWCC
736,HWKN
737,HYLS
738,HYZD
739,HZNP
740,IART
741,IBB
742,IBCP
743,IBKR
744,IBOC
745,IBTX
746,ICAD
747,ICCC
748,ICFI
749,ICLN
750,ICLR
751,ICON
752,ICPT
753,ICUI
754,IDCC
755,IDRA
756,IDXX
757,IEP
758,IESC
759,IEUS
760,IFGL
761,IFV
762,IGOV
763,III
764,IIIN
765,IIN
766,IIVI
767,IKNX
768,ILMN
769,IMGN
770,IMKTA
771,IMMR
772,IMOS
773,INBK
774,INCY
775,INDB
776,INDY
777,INFI
778,INFN
779,INGN
780,INO
781,INOD
782,INSM
783,INTC
784,INTG
785,INTU
786,INVE
787,IOSP
788,IPAR
789,IPDN
790,IPGP
791,IPKW
792,IPWR
793,IRBT
794,IRDM
795,IRIX
796,IRMD
797,IROQ
798,IRWD
799,ISBC
800,ISHG
801,ISIG
802,ISNS
803,ISRG
804,ISSC
805,ISTR
806,ITCI
807,ITIC
808,ITRI
809,ITRN
810,IVAC
811,JACK
812,JAKK
813,JAZZ
814,JBHT
815,JBLU
816,JBSS
817,JCOM
818,JCS
819,JCTCF
820,JD
821,JJSF
822,JKHY
823,JOBS
824,JOUT
825,JRJC
826,JRVR
827,JSM
828,JVA
829,JYNT
830,KALU
831,KBAL
832,KBSF
833,KCLI
834,KE
835,KELYA
836,KELYB
837,KEQU
838,KFRC
839,KIN
840,KINS
841,KIRK
842,KLAC
843,KLIC
844,KMDA
845,KNDI
846,KOPN
847,KOSS
848,KPTI
849,KRNY
850,KTCC
851,KTOS
852,KVHI
853,KWEB
854,LAKE
855,LAMR
856,LANC
857,LAND
858,LARK
859,LAWS
860,LBAI
861,LBRDA
862,LBRDK
863,LBTYA
864,LBTYB
865,LBTYK
866,LCNB
867,LCUT
868,LE
869,LECO
870,LEDS
871,LFUS
872,LFVN
873,LGIH
874,LGND
875,LHCG
876,LINC
877,LIVE
878,LJPC
879,LKFN
880,LKQ
881,LLNW
882,LMAT
883,LMBS
884,LMNR
885,LMNX
886,LMRK
887,LNDC
888,LOAN
889,LOCO
890,LOGI
891,LOPE
892,LORL
893,LPCN
894,LPLA
895,LPSN
896,LPTH
897,LQDT
898,LRCX
899,LSCC
900,LSTR
901,LTBR
902,LTRPA
903,LTRPB
904,LTRX
905,LULU
906,LUNA
907,LWAY
908,LXRX
909,LYTS
910,MACK
911,MAG
912,MAGS
913,MANH
914,MANT
915,MAR
916,MARA
917,MARK
918,MARPS
919,MASI
920,MAT
921,MATW
922,MBCN
923,MBII
924,MBSD
925,MBUU
926,MBWM
927,MCBC
928,MCHP
929,MCHX
930,MCRI
931,MDCA
932,MDIV
933,MDLZ
934,MDRX
935,MDWD
936,MDXG
937,MEIP
938,MELI
939,MEOH
940,MERC
941,MFNC
942,MGEE
943,MGI
944,MGIC
945,MGLN
946,MGNX
947,MGPI
948,MGRC
949,MGYR
950,MHLD
951,MICT
952,MIDD
953,MIND
954,MITK
955,MKSI
956,MKTX
957,MLAB
958,MLHR
959,MLVF
960,MMAC
961,MMLP
962,MMSI
963,MMYT
964,MNDO
965,MNKD
966,MNOV
967,MNRO
968,MNST
969,MNTX
970,MOFG
971,MOMO
972,MORN
973,MOSY
974,MPAA
975,MPB
976,MPWR
977,MRCC
978,MRCY
979,MRGE
980,MRLN
981,MRNS
982,MRTN
983,MRTX
984,MRVL
985,MSEX
986,MSFT
987,MSON
988,MSTR
989,MTBC
990,MTEX
991,MTLS
992,MTRX
993,MTSI
994,MTSL
995,MU
996,MVIS
997,MXIM
998,MYGN
999,MYRG
1000,NAII
1001,NATH
1002,NATI
1003,NATR
1004,NAVI
1005,NBIX
1006,NBN
1007,NBTB
1008,NCLH
1009,NCMI
1010,NCTY
1011,NDAQ
1012,NDLS
1013,NDSN
1014,NECB
1015,NEO
1016,NEOG
1017,NEON
1018,NEPT
1019,NERV
1020,NETE
1021,NEWT
1022,NFBK
1023,NFLX
1024,NICE
1025,NICK
1026,NKSH
1027,NKTR
1028,NLST
1029,NMIH
1030,NNBR
1031,NRIM
1032,NSIT
1033,NSSC
1034,NSTG
1035,NSYS
1036,NTAP
1037,NTCT
1038,NTES
1039,NTGR
1040,NTIC
1041,NTRS
1042,NTWK
1043,NUAN
1044,NURO
1045,NUVA
1046,NVAX
1047,NVCN
1048,NVDA
1049,NVEC
1050,NVEE
1051,NVFY
1052,NVMI
1053,NWBI
1054,NWBO
1055,NWFL
1056,NWLI
1057,NWPX
1058,NWS
1059,NWSA
1060,NXPI
1061,NXST
1062,NXTD
1063,NYMT
1064,NYMTP
1065,NYMX
1066,OBAS
1067,OBCI
1068,OCC
1069,OCFC
1070,OCUL
1071,ODFL
1072,ODP
1073,OFED
1074,OFIX
1075,OFLX
1076,OFS
1077,OIIM
1078,OLED
1079,OMAB
1080,OMCL
1081,OMER
1082,OMEX
1083,ONB
1084,ONCY
1085,ONEQ
1086,ONTX
1087,OPHC
1088,OPOF
1089,OPTT
1090,ORBC
1091,ORLY
1092,ORMP
1093,ORRF
1094,OSBC
1095,OSIS
1096,OSN
1097,OSTK
1098,OSUR
1099,OTEX
1100,OTIC
1101,OTTR
1102,OVBC
1103,OVLY
1104,OXBR
1105,OXLC
1106,OXLCO
1107,OXLCP
1108,PAAS
1109,PACB
1110,PACW
1111,PAHC
1112,PANL
1113,PATK
1114,PAYX
1115,PBCT
1116,PBHC
1117,PBIP
1118,PBPB
1119,PCAR
1120,PCH
1121,PCOM
1122,PCRX
1123,PCTI
1124,PCTY
1125,PCYG
1126,PCYO
1127,PDBC
1128,PDCE
1129,PDCO
1130,PDEX
1131,PDFS
1132,PEBK
1133,PEBO
1134,PEGA
1135,PENN
1136,PERI
1137,PESI
1138,PETS
1139,PFBC
1140,PFBI
1141,PFBX
1142,PFIE
1143,PFIN
1144,PFIS
1145,PFLT
1146,PFMT
1147,PFPT
1148,PFSW
1149,PGC
1150,PGTI
1151,PINC
1152,PKBK
1153,PKOH
1154,PLAB
1155,PLAY
1156,PLBC
1157,PLCE
1158,PLPC
1159,PLTM
1160,PLUG
1161,PLUS
1162,PLXS
1163,PMBC
1164,PMD
1165,PME
1166,PNBK
1167,PNFP
1168,PNNT
1169,PNQI
1170,PNRG
1171,PODD
1172,POOL
1173,POWI
1174,POWL
1175,PPBI
1176,PPC
1177,PPSI
1178,PRAA
1179,PRAH
1180,PRFT
1181,PRFZ
1182,PRGS
1183,PRIM
1184,PRKR
1185,PRMW
1186,PROV
1187,PRPH
1188,PRQR
1189,PRTA
1190,PRTK
1191,PRTS
1192,PSCC
1193,PSCD
1194,PSCE
1195,PSCF
1196,PSCH
1197,PSCI
1198,PSCM
1199,PSCT
1200,PSCU
1201,PSEC
1202,PSIX
1203,PSMT
1204,PSTI
1205,PTC
1206,PTCT
1207,PTEN
1208,PTSI
1209,PWOD
1210,PXLW
1211,PZZA
1212,QABA
1213,QADA
1214,QADB
1215,QAT
1216,QCLN
1217,QCOM
1218,QCRH
1219,QDEL
1220,QGEN
1221,QIWI
1222,QLYS
1223,QNST
1224,QQEW
1225,QQQ
1226,QQQX
1227,QQXT
1228,QRHC
1229,QRVO
1230,QTEC
1231,QTNT
1232,QUIK
1233,QUMU
1234,QURE
1235,QYLD
1236,RADA
1237,RAIL
1238,RAND
1239,RARE
1240,RAVE
1241,RAVN
1242,RBCAA
1243,RBCN
1244,RCII
1245,RCKY
1246,RCMT
1247,RCON
1248,RDCM
1249,RDHL
1250,RDI
1251,RDIB
1252,RDNT
1253,RDUS
1254,RDVY
1255,RDWR
1256,REFR
1257,REGI
1258,REGN
1259,RELL
1260,RELV
1261,REPH
1262,RESN
1263,RFIL
1264,RGCO
1265,RGEN
1266,RGLD
1267,RGLS
1268,RIBT
1269,RICK
1270,RIGL
1271,RMBS
1272,RMCF
1273,RMTI
1274,RNA
1275,RNST
1276,RNWK
1277,ROBO
1278,ROCK
1279,ROIC
1280,ROLL
1281,ROST
1282,RPRX
1283,RRD
1284,RRGB
1285,RUSHA
1286,RUSHB
1287,RUTH
1288,RVNC
1289,RVSB
1290,RWLK
1291,RYAAY
1292,SABR
1293,SAFM
1294,SAFT
1295,SAGE
1296,SAIA
1297,SAL
1298,SALM
1299,SAMG
1300,SANM
1301,SANW
1302,SASR
1303,SATS
1304,SAVE
1305,SBAC
1306,SBCF
1307,SBFG
1308,SBGI
1309,SBLK
1310,SBNY
1311,SBRA
1312,SBSI
1313,SBUX
1314,SCHL
1315,SCHN
1316,SCON
1317,SCOR
1318,SCSC
1319,SCTY
1320,SCVL
1321,SCYX
1322,SEAC
1323,SEED
1324,SEIC
1325,SENEA
1326,SFBC
1327,SFBS
1328,SFM
1329,SFNC
1330,SFST
1331,SGC
1332,SGEN
1333,SGMA
1334,SGMO
1335,SGMS
1336,SGOC
1337,SGRP
1338,SHBI
1339,SHEN
1340,SHIP
1341,SHLD
1342,SHOO
1343,SIBC
1344,SIEB
1345,SIEN
1346,SIFY
1347,SIGA
1348,SIGI
1349,SILC
1350,SIMO
1351,SINO
1352,SIRI
1353,SIVB
1354,SKOR
1355,SKYW
1356,SKYY
1357,SLAB
1358,SLCT
1359,SLGN
1360,SLM
1361,SLMBP
1362,SLP
1363,SLRC
1364,SLVO
1365,SMBC
1366,SMCI
1367,SMED
1368,SMIT
1369,SMLR
1370,SMMF
1371,SMPL
1372,SMSI
1373,SMTC
1374,SNCR
1375,SNFCA
1376,SNPS
1377,SOCL
1378,SOFO
1379,SOHO
1380,SOHU
1381,SOXX
1382,SP
1383,SPCB
1384,SPKE
1385,SPLK
1386,SPNS
1387,SPOK
1388,SPPI
1389,SPRO
1390,SPRT
1391,SPSC
1392,SPTN
1393,SPWH
1394,SPWR
1395,SQBG
1396,SQQQ
1397,SRCE
1398,SRCL
1399,SRDX
1400,SREV
1401,SRNE
1402,SRPT
1403,SSB
1404,SSBI
1405,SSNC
1406,SSYS
1407,STAA
1408,STBA
1409,STEM
1410,STFC
1411,STKL
1412,STLD
1413,STMP
1414,STRA
1415,STRL
1416,STRM
1417,STRS
1418,STRT
1419,STX
1420,STXS
1421,SUMR
1422,SUNS
1423,SUPN
1424,SURG
1425,SVBI
1426,SVVC
1427,SWIR
1428,SWKS
1429,SYBT
1430,SYKE
1431,SYNA
1432,SYNL
1433,SYPR
1434,TACT
1435,TAIT
1436,TAST
1437,TATT
1438,TAYD
1439,TBBK
1440,TBIO
1441,TBK
1442,TBNK
1443,TBPH
1444,TCBI
1445,TCBIL
1446,TCBIP
1447,TCBK
1448,TCCO
1449,TCFC
1450,TCPC
1451,TCX
1452,TDIV
1453,TECH
1454,TEDU
1455,TENX
1456,TESS
1457,TFSL
1458,TGA
1459,TGEN
1460,TGLS
1461,TGTX
1462,THFF
1463,THRM
1464,TIGR
1465,TILE
1466,TIPT
1467,TITN
1468,TNDM
1469,TNXP
1470,TOPS
1471,TOUR
1472,TOWN
1473,TQQQ
1474,TRCH
1475,TREE
1476,TRIB
1477,TRIL
1478,TRIP
1479,TRMB
1480,TRMK
1481,TRNS
1482,TRNX
1483,TROW
1484,TRS
1485,TRST
1486,TRUE
1487,TRVN
1488,TSBK
1489,TSC
1490,TSCO
1491,TSEM
1492,TSLA
1493,TSRI
1494,TTEC
1495,TTEK
1496,TTGT
1497,TTMI
1498,TTOO
1499,TTWO
1500,TUSA
1501,TVIX
1502,TWIN
1503,TWOU
1504,TXN
1505,TXRH
1506,TZOO
1507,UAE
1508,UBCP
1509,UBFO
1510,UBOH
1511,UBSI
1512,UCBI
1513,UCTT
1514,UEIC
1515,UEPS
1516,UFCS
1517,UFPI
1518,UFPT
1519,UG
1520,UHAL
1521,UIHC
1522,ULBI
1523,ULTA
1524,ULTR
1525,UMBF
1526,UMPQ
1527,UNB
1528,UNFI
1529,UNTY
1530,UPLD
1531,URBN
1532,USAK
1533,USAP
1534,USCR
1535,USEG
1536,USLM
1537,UTHR
1538,UTMD
1539,UTSI
1540,UVSP
1541,VALU
1542,VBFC
1543,VBIV
1544,VBLT
1545,VBND
1546,VBTX
1547,VCEL
1548,VCIT
1549,VCLT
1550,VCSH
1551,VCYT
1552,VECO
1553,VGIT
1554,VGLT
1555,VGSH
1556,VICR
1557,VIDI
1558,VIEW
1559,VIP
1560,VIRC
1561,VIVO
1562,VLGEA
1563,VMBS
1564,VNDA
1565,VNET
1566,VNOM
1567,VNQI
1568,VOD
1569,VONE
1570,VONG
1571,VONV
1572,VOXX
1573,VRA
1574,VRNS
1575,VRNT
1576,VRSK
1577,VRSN
1578,VRTS
1579,VRTX
1580,VSAT
1581,VSEC
1582,VSTM
1583,VTHR
1584,VTIP
1585,VTNR
1586,VTWG
1587,VTWO
1588,VTWV
1589,VUSE
1590,VWOB
1591,VXUS
1592,WABC
1593,WAFD
1594,WASH
1595,WATT
1596,WB
1597,WBA
1598,WDC
1599,WDFC
1600,WEN
1601,WERN
1602,WETF
1603,WEYS
1604,WHF
1605,WHLM
1606,WHLR
1607,WHLRP
1608,WILC
1609,WINA
1610,WIRE
1611,WIX
1612,WLDN
1613,WLFC
1614,WOOD
1615,WOOF
1616,WPRT
1617,WRLD
1618,WSBC
1619,WSBF
1620,WSFS
1621,WSTG
1622,WSTL
1623,WTBA
1624,WTFC
1625,WVVI
1626,WWD
1627,WYNN
1628,XENE
1629,XENT
1630,XLNX
1631,XLRN
1632,XNCR
1633,XNET
1634,XOMA
1635,XONE
1636,XRAY
1637,XTLB
1638,YNDX
1639,YORW
1640,YY
1641,Z
1642,ZBRA
1643,ZEUS
1644,ZGNX
1645,ZION
1646,ZIOP
1647,ZIXI
1648,ZNGA
1649,ZUMZ
1650,A
1651,AA
1652,AAN
1653,AAP
1654,AAT
1655,AB
1656,ABB
1657,ABBV
1658,ABC
1659,ABEV
1660,ABG
1661,ABM
1662,ABR
1663,ABT
1664,ACC
1665,ACCO
1666,ACH
1667,ACI
1668,ACM
1669,ACN
1670,ACP
1671,ACRE
1672,ACT
1673,ADC
1674,ADM
1675,ADPT
1676,ADS
1677,ADT
1678,ADX
1679,AEB
1680,AEE
1681,AEG
1682,AEL
1683,AEM
1684,AEO
1685,AEP
1686,AER
1687,AES
1688,AFB
1689,AFG
1690,AFGE
1691,AFL
1692,AFT
1693,AG
1694,AGC
1695,AGCO
1696,AGD
1697,AGI
1698,AGM
1699,AGO
1700,AGRO
1701,AGX
1702,AHC
1703,AHH
1704,AHL
1705,AHT
1706,AI
1707,AIB
1708,AIF
1709,AIG
1710,AIN
1711,AIR
1712,AIT
1713,AIV
1714,AIW
1715,AIZ
1716,AJG
1717,AKR
1718,AL
1719,ALB
1720,ALE
1721,ALEX
1722,ALG
1723,ALK
1724,ALL
1725,ALLE
1726,ALLY
1727,ALSN
1728,ALV
1729,ALX
1730,AM
1731,AMC
1732,AME
1733,AMG
1734,AMH
1735,AMP
1736,AMRC
1737,AMT
1738,AMX
1739,AN
1740,ANET
1741,ANF
1742,ANTM
1743,AOD
1744,AON
1745,AOS
1746,AP
1747,APA
1748,APAM
1749,APD
1750,APH
1751,APO
1752,AR
1753,ARC
1754,ARCO
1755,ARDC
1756,ARE
1757,ARES
1758,ARI
1759,ARL
1760,ARMK
1761,ARR
1762,ARW
1763,ASA
1764,ASB
1765,ASC
1766,ASG
1767,ASGN
1768,ASH
1769,ASPN
1770,ASR
1771,ASX
1772,ATEN
1773,ATHM
1774,ATI
1775,ATO
1776,ATR
1777,ATTO
1778,ATW
1779,AU
1780,AUY
1781,AVA
1782,AVAL
1783,AVB
1784,AVD
1785,AVK
1786,AVT
1787,AVY
1788,AWF
1789,AWH
1790,AWI
1791,AWK
1792,AWP
1793,AWR
1794,AXL
1795,AXP
1796,AXR
1797,AXS
1798,AXTA
1799,AYI
1800,AZN
1801,AZO
1802,AZZ
1803,B
1804,BA
1805,BABA
1806,BAC
1807,BAH
1808,BAK
1809,BAM
1810,BANC
1811,BAP
1812,BAX
1813,BBD
1814,BBDO
1815,BBL
1816,BBN
1817,BBVA
1818,BBW
1819,BBY
1820,BC
1821,BCC
1822,BCE
1823,BCEI
1824,BCH
1825,BCO
1826,BCS
1827,BCX
1828,BDC
1829,BDJ
1830,BDN
1831,BDX
1832,BEN
1833,BEP
1834,BERY
1835,BFAM
1836,BFK
1837,BFS
1838,BFZ
1839,BG
1840,BGB
1841,BGH
1842,BGR
1843,BGS
1844,BGT
1845,BGX
1846,BGY
1847,BH
1848,BHE
1849,BHK
1850,BHLB
1851,BHP
1852,BIF
1853,BIG
1854,BIO
1855,BIP
1856,BIT
1857,BK
1858,BKD
1859,BKE
1860,BKH
1861,BKN
1862,BKT
1863,BKU
1864,BLK
1865,BLL
1866,BLW
1867,BLX
1868,BMA
1869,BME
1870,BMI
1871,BMO
1872,BMY
1873,BNS
1874,BNY
1875,BOE
1876,BOH
1877,BOOT
1878,BP
1879,BPT
1880,BPY
1881,BR
1882,BRC
1883,BRFS
1884,BRO
1885,BRP
1886,BRT
1887,BRX
1888,BSAC
1889,BSBR
1890,BSI
1891,BSL
1892,BSMX
1893,BST
1894,BSX
1895,BTA
1896,BTO
1897,BTT
1898,BTU
1899,BTZ
1900,BUD
1901,BUI
1902,BURL
1903,BVN
1904,BWA
1905,BWG
1906,BX
1907,BXC
1908,BXMT
1909,BXMX
1910,BXP
1911,BXS
1912,BYD
1913,BYM
1914,BZH
1915,C
1916,CACI
1917,CAE
1918,CAF
1919,CAG
1920,CAH
1921,CAJ
1922,CALX
1923,CAP
1924,CAPL
1925,CAS
1926,CAT
1927,CATO
1928,CB
1929,CBB
1930,CBD
1931,CBT
1932,CBU
1933,CBZ
1934,CCI
1935,CCJ
1936,CCK
1937,CCL
1938,CCM
1939,CCO
1940,CCS
1941,CCU
1942,CCZ
1943,CDE
1944,CDR
1945,CE
1946,CEA
1947,CEE
1948,CELP
1949,CEM
1950,CEN
1951,CEO
1952,CEQP
1953,CF
1954,CFG
1955,CFR
1956,CFX
1957,CGA
1958,CHD
1959,CHE
1960,CHGG
1961,CHH
1962,CHKR
1963,CHMI
1964,CHN
1965,CHS
1966,CHT
1967,CI
1968,CIA
1969,CIB
1970,CIEN
1971,CIF
1972,CIG
1973,CII
1974,CIM
1975,CIO
1976,CIR
1977,CIT
1978,CL
1979,CLB
1980,CLC
1981,CLDT
1982,CLF
1983,CLGX
1984,CLH
1985,CLI
1986,CLNY
1987,CLR
1988,CLS
1989,CLW
1990,CLX
1991,CM
1992,CMA
1993,CMC
1994,CMCM
1995,CMG
1996,CMI
1997,CMO
1998,CMP
1999,CMRE
2000,CMS
2001,CMU
2002,CNA
2003,CNC
2004,CNHI
2005,CNI
2006,CNK
2007,CNO
2008,CNP
2009,CNQ
2010,CNS
2011,CNX
2012,CO
2013,CODI
2014,COF
2015,COG
2016,COL
2017,COO
2018,COP
2019,COR
2020,CORR
2021,COTY
2022,COUP
2023,CP
2024,CPA
2025,CPAC
2026,CPB
2027,CPE
2028,CPF
2029,CPG
2030,CPK
2031,CPS
2032,CPT
2033,CR
2034,CRC
2035,CRH
2036,CRI
2037,CRK
2038,CRL
2039,CRM
2040,CRS
2041,CRT
2042,CRY
2043,CS
2044,CSL
2045,CSLT
2046,CSTM
2047,CSU
2048,CSV
2049,CSX
2050,CTB
2051,CTLT
2052,CTR
2053,CTS
2054,CTT
2055,CUBE
2056,CUBI
2057,CUK
2058,CUZ
2059,CVA
2060,CVE
2061,CVEO
2062,CVI
2063,CVS
2064,CVT
2065,CVX
2066,CW
2067,CWT
2068,CX
2069,CXE
2070,CXH
2071,CXP
2072,CXW
2073,CYD
2074,CYH
2075,D
2076,DAC
2077,DAL
2078,DAN
2079,DAR
2080,DB
2081,DBD
2082,DBL
2083,DCI
2084,DCM
2085,DCO
2086,DCT
2087,DD
2088,DDD
2089,DDF
2090,DDR
2091,DDS
2092,DDT
2093,DE
2094,DECK
2095,DEI
2096,DEO
2097,DEX
2098,DFP
2099,DFS
2100,DG
2101,DGX
2102,DHF
2103,DHG
2104,DHI
2105,DHR
2106,DHT
2107,DHX
2108,DIAX
2109,DIN
2110,DIS
2111,DK
2112,DKL
2113,DKS
2114,DLB
2115,DLNG
2116,DLR
2117,DLX
2118,DM
2119,DMB
2120,DMO
2121,DNB
2122,DNOW
2123,DNP
2124,DOC
2125,DOOR
2126,DOV
2127,DOW
2128,DPG
2129,DPM
2130,DPZ
2131,DQ
2132,DRC
2133,DRD
2134,DRE
2135,DRH
2136,DRI
2137,DRL
2138,DRQ
2139,DSE
2140,DSL
2141,DSM
2142,DSU
2143,DSX
2144,DTE
2145,DTF
2146,DTK
2147,DUK
2148,DUKH
2149,DVA
2150,DVD
2151,DVN
2152,DX
2153,DY
2154,DYN
2155,E
2156,EARN
2157,EAT
2158,EBF
2159,EBR
2160,EBS
2161,EC
2162,ECC
2163,ECL
2164,ECOM
2165,ED
2166,EDD
2167,EDF
2168,EDI
2169,EDN
2170,EDU
2171,EEA
2172,EFC
2173,EFF
2174,EFR
2175,EFT
2176,EFX
2177,EGF
2178,EGO
2179,EGP
2180,EGY
2181,EHI
2182,EIG
2183,EIX
2184,EL
2185,ELA
2186,ELP
2187,ELS
2188,ELY
2189,EMD
2190,EME
2191,EMF
2192,EMN
2193,EMO
2194,EMR
2195,ENB
2196,ENBL
2197,ENJ
2198,ENLC
2199,ENR
2200,ENS
2201,ENV
2202,ENVA
2203,ENZ
2204,EOD
2205,EOG
2206,EOI
2207,EOS
2208,EOT
2209,EPAM
2210,EPD
2211,EPR
2212,EQC
2213,EQR
2214,EQS
2215,EQT
2216,ERF
2217,ERJ
2218,ESE
2219,ESI
2220,ESNT
2221,ESRT
2222,ESS
2223,ETB
2224,ETG
2225,ETH
2226,ETJ
2227,ETN
2228,ETO
2229,ETR
2230,ETV
2231,ETW
2232,ETX
2233,ETY
2234,EVC
2235,EVER
2236,EVF
2237,EVG
2238,EVGN
2239,EVN
2240,EVR
2241,EVT
2242,EVTC
2243,EW
2244,EXC
2245,EXD
2246,EXG
2247,EXK
2248,EXP
2249,EXPR
2250,EXR
2251,F
2252,FAF
2253,FAM
2254,FBC
2255,FBHS
2256,FBP
2257,FC
2258,FCF
2259,FCN
2260,FCT
2261,FCX
2262,FDP
2263,FDS
2264,FDX
2265,FE
2266,FEI
2267,FENG
2268,FEO
2269,FET
2270,FF
2271,FFA
2272,FFC
2273,FGB
2274,FHN
2275,FI
2276,FICO
2277,FIF
2278,FIS
2279,FIX
2280,FL
2281,FLC
2282,FLO
2283,FLR
2284,FLS
2285,FLT
2286,FLY
2287,FMC
2288,FMN
2289,FMO
2290,FMS
2291,FMX
2292,FMY
2293,FN
2294,FNB
2295,FNF
2296,FNV
2297,FOE
2298,FOF
2299,FOR
2300,FPF
2301,FPL
2302,FPT
2303,FR
2304,FRA
2305,FRC
2306,FRO
2307,FRT
2308,FSD
2309,FSM
2310,FSS
2311,FT
2312,FTI
2313,FTK
2314,FUL
2315,FUN
2316,FVE
2317,G
2318,GAB
2319,GAM
2320,GAS
2321,GB
2322,GBAB
2323,GBL
2324,GBX
2325,GCI
2326,GCO
2327,GCV
2328,GD
2329,GDL
2330,GDO
2331,GDOT
2332,GDP
2333,GDV
2334,GE
2335,GEB
2336,GEF
2337,GEL
2338,GEO
2339,GER
2340,GES
2341,GF
2342,GFF
2343,GFI
2344,GGB
2345,GGG
2346,GGM
2347,GGT
2348,GGZ
2349,GHC
2350,GHL
2351,GHM
2352,GHY
2353,GIB
2354,GIL
2355,GIM
2356,GIS
2357,GLOB
2358,GLOG
2359,GLOP
2360,GLP
2361,GLT
2362,GLW
2363,GM
2364,GME
2365,GMED
2366,GNE
2367,GNRC
2368,GNT
2369,GNW
2370,GOF
2371,GOL
2372,GPC
2373,GPI
2374,GPK
2375,GPM
2376,GPN
2377,GPRK
2378,GPS
2379,GPX
2380,GRA
2381,GRUB
2382,GRX
2383,GS
2384,GSK
2385,GSL
2386,GTN
2387,GTS
2388,GTT
2389,GTY
2390,GUT
2391,GVA
2392,GWB
2393,GWRE
2394,GWW
2395,H
2396,HAE
2397,HAL
2398,HAR
2399,HASI
2400,HBI
2401,HBM
2402,HCA
2403,HCC
2404,HCI
2405,HD
2406,HDB
2407,HE
2408,HEI
2409,HEP
2410,HEQ
2411,HES
2412,HFC
2413,HGH
2414,HHC
2415,HI
2416,HIE
2417,HIG
2418,HII
2419,HIL
2420,HIO
2421,HIW
2422,HIX
2423,HL
2424,HLF
2425,HLT
2426,HLX
2427,HMC
2428,HMLP
2429,HMN
2430,HMY
2431,HNI
2432,HNP
2433,HOG
2434,HON
2435,HOT
2436,HOV
2437,HP
2438,HPF
2439,HPI
2440,HPP
2441,HPQ
2442,HPS
2443,HQH
2444,HQL
2445,HR
2446,HRB
2447,HRC
2448,HRL
2449,HRTG
2450,HSBC
2451,HSC
2452,HST
2453,HSY
2454,HT
2455,HTA
2456,HTD
2457,HTGC
2458,HTH
2459,HTY
2460,HUBS
2461,HUM
2462,HUN
2463,HVT
2464,HXL
2465,HY
2466,HYB
2467,HYI
2468,HYT
2469,HZO
2470,IAE
2471,IAG
2472,IBA
2473,IBM
2474,IBN
2475,IBP
2476,ICB
2477,ICD
2478,ICE
2479,ICL
2480,IDA
2481,IDE
2482,IDT
2483,IEX
2484,IFF
2485,IFN
2486,IGA
2487,IGD
2488,IGI
2489,IGR
2490,IGT
2491,IHC
2492,IHD
2493,IHG
2494,IIF
2495,IIM
2496,IMAX
2497,INFY
2498,ING
2499,INGR
2500,INN
2501,INT
2502,IO
2503,IP
2504,IPG
2505,IPI
2506,IQI
2507,IR
2508,IRL
2509,IRM
2510,IRR
2511,IRS
2512,ISD
2513,IT
2514,ITC
2515,ITT
2516,ITUB
2517,ITW
2518,IVC
2519,IVH
2520,IVR
2521,IVZ
2522,IX
2523,JBL
2524,JBT
2525,JCE
2526,JCI
2527,JDD
2528,JE
2529,JEQ
2530,JFR
2531,JGH
2532,JHI
2533,JHS
2534,JHX
2535,JKS
2536,JLL
2537,JLS
2538,JMM
2539,JMP
2540,JNJ
2541,JNPR
2542,JOE
2543,JOF
2544,JPC
2545,JPI
2546,JPM
2547,JPS
2548,JQC
2549,JRI
2550,JRO
2551,JSD
2552,JTA
2553,JTD
2554,JWN
2555,K
2556,KAI
2557,KAMN
2558,KAR
2559,KB
2560,KBH
2561,KBR
2562,KEP
2563,KEX
2564,KEY
2565,KEYS
2566,KF
2567,KFS
2568,KFY
2569,KGC
2570,KIM
2571,KIO
2572,KKR
2573,KMB
2574,KMF
2575,KMI
2576,KMPR
2577,KMT
2578,KMX
2579,KN
2580,KNL
2581,KNOP
2582,KNX
2583,KO
2584,KODK
2585,KOF
2586,KOP
2587,KOS
2588,KR
2589,KRA
2590,KRC
2591,KRG
2592,KRO
2593,KSM
2594,KSS
2595,KSU
2596,KT
2597,KTF
2598,KTN
2599,KW
2600,KWR
2601,KYN
2602,L
2603,LAD
2604,LADR
2605,LAZ
2606,LB
2607,LC
2608,LCI
2609,LCM
2610,LDL
2611,LDOS
2612,LDP
2613,LEA
2614,LEAF
2615,LEE
2616,LEG
2617,LEJU
2618,LEN
2619,LEO
2620,LEU
2621,LFC
2622,LGI
2623,LH
2624,LII
2625,LITB
2626,LL
2627,LLY
2628,LMT
2629,LNC
2630,LND
2631,LNN
2632,LNT
2633,LOW
2634,LPG
2635,LPI
2636,LPL
2637,LPX
2638,LRN
2639,LTC
2640,LUB
2641,LUV
2642,LVS
2643,LXFR
2644,LXP
2645,LXU
2646,LYB
2647,LYG
2648,LYV
2649,LZB
2650,M
2651,MA
2652,MAA
2653,MAC
2654,MAIN
2655,MAN
2656,MANU
2657,MAS
2658,MATX
2659,MAV
2660,MBI
2661,MBT
2662,MC
2663,MCA
2664,MCD
2665,MCI
2666,MCK
2667,MCN
2668,MCO
2669,MCP
2670,MCR
2671,MCS
2672,MCY
2673,MD
2674,MDC
2675,MDLY
2676,MDP
2677,MDT
2678,MDU
2679,MED
2680,MEG
2681,MEI
2682,MET
2683,MFA
2684,MFC
2685,MFD
2686,MFG
2687,MFL
2688,MFM
2689,MFV
2690,MG
2691,MGA
2692,MGF
2693,MGM
2694,MGR
2695,MGU
2696,MHD
2697,MHF
2698,MHI
2699,MHK
2700,MHN
2701,MHNC
2702,MHO
2703,MIC
2704,MIE
2705,MIN
2706,MITT
2707,MIXT
2708,MIY
2709,MKC
2710,MKL
2711,MLI
2712,MLM
2713,MLP
2714,MLR
2715,MMC
2716,MMD
2717,MMI
2718,MMM
2719,MMP
2720,MMS
2721,MMT
2722,MMU
2723,MN
2724,MNP
2725,MNR
2726,MO
2727,MOD
2728,MODN
2729,MOH
2730,MOS
2731,MOV
2732,MPA
2733,MPC
2734,MPLX
2735,MPV
2736,MPW
2737,MPX
2738,MQT
2739,MQY
2740,MRC
2741,MRIN
2742,MRK
2743,MRO
2744,MS
2745,MSA
2746,MSB
2747,MSCI
2748,MSD
2749,MSI
2750,MSM
2751,MSP
2752,MT
2753,MTB
2754,MTCN
2755,MTD
2756,MTDR
2757,MTG
2758,MTH
2759,MTL
2760,MTN
2761,MTOR
2762,MTR
2763,MTRN
2764,MTW
2765,MTX
2766,MTZ
2767,MUA
2768,MUC
2769,MUE
2770,MUI
2771,MUJ
2772,MUR
2773,MUSA
2774,MUX
2775,MVO
2776,MVT
2777,MWA
2778,MWG
2779,MX
2780,MXE
2781,MXF
2782,MXL
2783,MYC
2784,MYD
2785,MYE
2786,MYI
2787,MYJ
2788,MYN
2789,NAC
2790,NAD
2791,NAN
2792,NAT
2793,NAV
2794,NAZ
2795,NBB
2796,NBHC
2797,NBR
2798,NC
2799,NCA
2800,NCR
2801,NCT
2802,NCV
2803,NCZ
2804,NDP
2805,NEA
2806,NEE
2807,NEM
2808,NEP
2809,NES
2810,NEU
2811,NEV
2812,NEWR
2813,NFG
2814,NFJ
2815,NGG
2816,NGL
2817,NGS
2818,NGVC
2819,NHF
2820,NHI
2821,NI
2822,NID
2823,NIE
2824,NIM
2825,NIO
2826,NIQ
2827,NJR
2828,NKE
2829,NKG
2830,NKX
2831,NL
2832,NLS
2833,NLSN
2834,NLY
2835,NM
2836,NMFC
2837,NMI
2838,NMM
2839,NMR
2840,NMS
2841,NMT
2842,NNA
2843,NNI
2844,NNN
2845,NNY
2846,NOA
2847,NOAH
2848,NOC
2849,NOK
2850,NOV
2851,NOW
2852,NP
2853,NPK
2854,NPO
2855,NPTN
2856,NPV
2857,NQP
2858,NR
2859,NRG
2860,NRK
2861,NRP
2862,NRT
2863,NRZ
2864,NS
2865,NSC
2866,NSH
2867,NSL
2868,NSP
2869,NSS
2870,NTG
2871,NTL
2872,NTP
2873,NTZ
2874,NUE
2875,NUO
2876,NUS
2877,NUV
2878,NUW
2879,NVGS
2880,NVO
2881,NVR
2882,NVRO
2883,NVS
2884,NWE
2885,NWHM
2886,NWL
2887,NWN
2888,NX
2889,NXC
2890,NXJ
2891,NXN
2892,NXP
2893,NXQ
2894,NXR
2895,NYCB
2896,NYT
2897,O
2898,OAS
2899,OC
2900,OCN
2901,ODC
2902,OEC
2903,OFC
2904,OFG
2905,OGE
2906,OGS
2907,OHI
2908,OI
2909,OIA
2910,OII
2911,OIS
2912,OKE
2913,OLN
2914,OLP
2915,OMC
2916,OMI
2917,ONE
2918,OPK
2919,OPY
2920,ORA
2921,ORAN
2922,ORC
2923,ORCL
2924,ORI
2925,ORN
2926,OSK
2927,OUT
2928,OXM
2929,OXY
2930,PAA
2931,PAC
2932,PAG
2933,PAGP
2934,PAI
2935,PAM
2936,PANW
2937,PAR
2938,PAYC
2939,PB
2940,PBA
2941,PBF
2942,PBFX
2943,PBH
2944,PBI
2945,PBR
2946,PBT
2947,PBY
2948,PBYI
2949,PCF
2950,PCG
2951,PCI
2952,PCK
2953,PCM
2954,PCN
2955,PCQ
2956,PDI
2957,PDM
2958,PDS
2959,PDT
2960,PEB
2961,PEG
2962,PEI
2963,PEO
2964,PEP
2965,PFD
2966,PFE
2967,PFG
2968,PFH
2969,PFL
2970,PFN
2971,PFO
2972,PFS
2973,PFSI
2974,PFX
2975,PG
2976,PGH
2977,PGI
2978,PGP
2979,PGR
2980,PGRE
2981,PGZ
2982,PH
2983,PHD
2984,PHG
2985,PHI
2986,PHK
2987,PHM
2988,PHT
2989,PHX
2990,PII
2991,PIM
2992,PKE
2993,PKG
2994,PKI
2995,PKO
2996,PKX
2997,PLD
2998,PLL
2999,PLOW
3000,PM
3001,PMF
3002,PML
3003,PMM
3004,PMO
3005,PMT
3006,PMX
3007,PNC
3008,PNF
3009,PNI
3010,PNM
3011,PNR
3012,PNW
3013,POM
3014,POR
3015,POST
3016,PPG
3017,PPL
3018,PPR
3019,PPT
3020,PPX
3021,PRA
3022,PRGO
3023,PRI
3024,PRLB
3025,PRO
3026,PRU
3027,PSA
3028,PSB
3029,PSF
3030,PSO
3031,PSX
3032,PSXP
3033,PT
3034,PTR
3035,PTY
3036,PUK
3037,PVG
3038,PVH
3039,PWR
3040,PXD
3041,PYN
3042,PYS
3043,PYT
3044,PZC
3045,PZN
3046,QSR
3047,QTS
3048,QTWO
3049,QUAD
3050,R
3051,RAD
3052,RBA
3053,RBC
3054,RCI
3055,RCL
3056,RCS
3057,RDN
3058,RDY
3059,RE
3060,REG
3061,RENN
3062,RES
3063,REV
3064,REX
3065,REXR
3066,RF
3067,RFI
3068,RFP
3069,RGA
3070,RGP
3071,RGR
3072,RGS
3073,RGT
3074,RH
3075,RHI
3076,RHP
3077,RICE
3078,RIG
3079,RIO
3080,RJF
3081,RKT
3082,RL
3083,RLGY
3084,RLI
3085,RLJ
3086,RM
3087,RMAX
3088,RMD
3089,RMT
3090,RNG
3091,RNP
3092,RNR
3093,ROG
3094,ROK
3095,ROL
3096,ROP
3097,RPAI
3098,RPM
3099,RPT
3100,RQI
3101,RRC
3102,RRTS
3103,RS
3104,RSG
3105,RVT
3106,RWT
3107,RXN
3108,RY
3109,RYAM
3110,RYI
3111,RYN
3112,RZA
3113,SA
3114,SAH
3115,SAIC
3116,SAM
3117,SAN
3118,SAP
3119,SAR
3120,SB
3121,SBH
3122,SBR
3123,SBS
3124,SC
3125,SCCO
3126,SCD
3127,SCHW
3128,SCI
3129,SCL
3130,SCM
3131,SCS
3132,SCU
3133,SCX
3134,SD
3135,SE
3136,SEAS
3137,SEE
3138,SEM
3139,SF
3140,SFE
3141,SFG
3142,SFL
3143,SFUN
3144,SFY
3145,SGU
3146,SHG
3147,SHI
3148,SHLX
3149,SHO
3150,SHW
3151,SID
3152,SIG
3153,SIX
3154,SJI
3155,SJM
3156,SJR
3157,SJT
3158,SJW
3159,SKM
3160,SKT
3161,SKX
3162,SLB
3163,SLCA
3164,SLF
3165,SLG
3166,SM
3167,SMFG
3168,SMG
3169,SMI
3170,SMLP
3171,SMM
3172,SMP
3173,SNA
3174,SNN
3175,SNOW
3176,SNP
3177,SNR
3178,SNV
3179,SNX
3180,SNY
3181,SO
3182,SOL
3183,SON
3184,SOR
3185,SPB
3186,SPE
3187,SPG
3188,SPH
3189,SPLP
3190,SPR
3191,SPXX
3192,SQM
3193,SQNS
3194,SR
3195,SRC
3196,SRE
3197,SRI
3198,SRLP
3199,SRT
3200,SRV
3201,SSD
3202,SSL
3203,SSP
3204,SSTK
3205,ST
3206,STAG
3207,STAR
3208,STAY
3209,STC
3210,STE
3211,STK
3212,STL
3213,STM
3214,STN
3215,STNG
3216,STON
3217,STOR
3218,STT
3219,STWD
3220,STZ
3221,SU
3222,SUI
3223,SUN
3224,SUP
3225,SVM
3226,SWI
3227,SWK
3228,SWM
3229,SWN
3230,SWX
3231,SWZ
3232,SXC
3233,SXI
3234,SXT
3235,SYF
3236,SYK
3237,SYX
3238,SYY
3239,SZC
3240,T
3241,TA
3242,TAC
3243,TAL
3244,TAP
3245,TARO
3246,TBI
3247,TC
3248,TCB
3249,TCI
3250,TCS
3251,TD
3252,TDA
3253,TDC
3254,TDF
3255,TDG
3256,TDI
3257,TDS
3258,TDW
3259,TDY
3260,TEF
3261,TEG
3262,TEI
3263,TEL
3264,TEN
3265,TEO
3266,TER
3267,TEVA
3268,TEX
3269,TFX
3270,TG
3271,TGH
3272,TGI
3273,TGP
3274,TGS
3275,TGT
3276,THC
3277,THG
3278,THO
3279,THQ
3280,THR
3281,THS
3282,TISI
3283,TJX
3284,TK
3285,TKC
3286,TKR
3287,TLK
3288,TLYS
3289,TM
3290,TMHC
3291,TMO
3292,TMST
3293,TMUS
3294,TNC
3295,TNET
3296,TNK
3297,TNP
3298,TOL
3299,TOT
3300,TPC
3301,TPH
3302,TPL
3303,TPVG
3304,TPX
3305,TPZ
3306,TR
3307,TRC
3308,TREC
3309,TREX
3310,TRGP
3311,TRI
3312,TRN
3313,TRNO
3314,TROX
3315,TRP
3316,TRQ
3317,TRUP
3318,TRV
3319,TS
3320,TSE
3321,TSI
3322,TSLX
3323,TSM
3324,TSN
3325,TSQ
3326,TTC
3327,TTF
3328,TTI
3329,TTM
3330,TTP
3331,TU
3332,TUP
3333,TV
3334,TVC
3335,TVE
3336,TW
3337,TWI
3338,TWN
3339,TWO
3340,TWTR
3341,TX
3342,TXT
3343,TY
3344,TYG
3345,TYL
3346,UA
3347,UAL
3348,UAN
3349,UBA
3350,UBP
3351,UBS
3352,UDR
3353,UFI
3354,UFS
3355,UGI
3356,UGP
3357,UHS
3358,UHT
3359,UIS
3360,UL
3361,UMC
3362,UMH
3363,UNF
3364,UNH
3365,UNM
3366,UNP
3367,UPS
3368,URI
3369,USA
3370,USAC
3371,USB
3372,USDP
3373,USM
3374,USNA
3375,USPH
3376,UTF
3377,UTI
3378,UTL
3379,UVE
3380,UVV
3381,UZA
3382,UZB
3383,V
3384,VAC
3385,VALE
3386,VBF
3387,VC
3388,VCRA
3389,VCV
3390,VEC
3391,VEEV
3392,VET
3393,VFC
3394,VG
3395,VGI
3396,VGM
3397,VGR
3398,VHI
3399,VIPS
3400,VIV
3401,VJET
3402,VKQ
3403,VLO
3404,VLRS
3405,VLT
3406,VLY
3407,VMC
3408,VMI
3409,VMO
3410,VMW
3411,VNCE
3412,VNO
3413,VOC
3414,VOYA
3415,VPG
3416,VPV
3417,VRS
3418,VRTV
3419,VSH
3420,VTA
3421,VTN
3422,VTR
3423,VVI
3424,VVR
3425,VZ
3426,W
3427,WAB
3428,WAL
3429,WAT
3430,WBK
3431,WBS
3432,WCC
3433,WCN
3434,WD
3435,WDAY
3436,WEA
3437,WEC
3438,WES
3439,WEX
3440,WF
3441,WFC
3442,WGO
3443,WHG
3444,WHR
3445,WIA
3446,WIT
3447,WIW
3448,WK
3449,WLK
3450,WLKP
3451,WLL
3452,WM
3453,WMB
3454,WMC
3455,WMK
3456,WMS
3457,WMT
3458,WNC
3459,WNS
3460,WOR
3461,WPC
3462,WPG
3463,WPP
3464,WRB
3465,WRE
3466,WRI
3467,WSM
3468,WSO
3469,WSR
3470,WST
3471,WTI
3472,WTM
3473,WTS
3474,WU
3475,WWE
3476,WWW
3477,WY
3478,X
3479,XEC
3480,XEL
3481,XIN
3482,XL
3483,XOM
3484,XPO
3485,XRX
3486,XYL
3487,Y
3488,YELP
3489,YPF
3490,YUM
3491,ZEN
3492,ZNH
3493,ZTR
3494,ZTS
